{
  "method": "z_score",
  "mean": [
    42.438244336090044,
    42.35109077972292,
    27.62319301067197,
    27.20295585504842,
    66.85536302042237,
    67.06569248763275,
    548.1261846833696,
    143.13074240408824,
    145.5222780041483,
    -0.9621806448566527,
    -11.255614433272061
  ],
  "std": [
    20.24398412329228,
    20.239623811298785,
    11.651302408250748,
    11.49325977640171,
    30.335535446264412,
    30.34965572477341,
    258.1607460879906,
    66.71731853374331,
    70.88183197727918,
    12.480191031903013,
    19.462413786210963
  ],
  "n_timesteps": 120,
  "n_features": 11,
  "timestamp": "2025-08-13T01:22:38.001994"
}